Thành phố,Giới tính,Tổng đơn,Rating
Hà Nội,Nữ,548.9715,9.1
TP HCM,Nữ,80.22,9.6
Hà Nội,Nam,340.5255,7.4
Hà Nội,Nam,489.048,8.4
Hà Nội,Nam,634.3785,5.3
TP HCM,Nam,627.6165,4.1
Hà Nội,Nữ,433.692,5.8
TP HCM,Nữ,772.38,8
Hà Nội,Nữ,76.146,7.2
Đà Nẵng,Nữ,172.746,5.9
TP HCM,Nữ,60.816,4.5
Đà Nẵng,Nam,107.142,6.8
Hà Nội,Nữ,246.4875,7.1
TP HCM,Nam,453.495,8.2
Hà Nội,Nữ,749.49,5.7
Đà Nẵng,Nữ,590.436,4.5
Hà Nội,Nữ,506.6355,4.6
Hà Nội,Nam,457.443,6.9
Hà Nội,Nam,172.2105,8.6
Đà Nẵng,Nữ,84.63,4.4
TP HCM,Nam,451.71,4.8
TP HCM,Nam,277.137,5.1
Đà Nẵng,Nam,69.72,4.4
Hà Nội,Nam,181.44,9.9
Hà Nội,Nam,279.1845,6
TP HCM,Nữ,441.756,8.5
Đà Nẵng,Nam,35.196,6.7
Hà Nội,Nữ,184.107,7.7
TP HCM,Nữ,463.89,9.6
Hà Nội,Nam,235.2105,7.4
TP HCM,Nam,494.1825,4.8
Đà Nẵng,Nam,737.7615,4.5
Đà Nẵng,Nam,703.752,5.1
Hà Nội,Nam,202.818,5.1
TP HCM,Nữ,417.564,7.5
TP HCM,Nữ,71.526,6.8
TP HCM,Nam,328.755,7
Hà Nội,Nữ,575.316,4.7
TP HCM,Nữ,461.328,7.6
Đà Nẵng,Nam,253.008,7.7
Đà Nẵng,Nữ,91.056,7.9
TP HCM,Nam,117.831,6.3
Đà Nẵng,Nữ,435.456,5.6
TP HCM,Nữ,829.08,7.6
TP HCM,Nam,32.277,7.2
Đà Nẵng,Nữ,394.632,9.5
Đà Nẵng,Nam,535.7205,8.4
Đà Nẵng,Nữ,189.0945,4.1
Đà Nẵng,Nam,119.259,8.1
TP HCM,Nữ,867.615,7.9
TP HCM,Nam,671.79,9.5
Hà Nội,Nữ,234.0975,8.5
Đà Nẵng,Nữ,75.054,6.5
TP HCM,Nam,16.2015,6.1
Đà Nẵng,Nam,33.936,6.5
TP HCM,Nữ,722.232,8.2
TP HCM,Nam,93.114,5.8
Hà Nội,Nam,752.64,6.6
Hà Nội,Nữ,759.675,5.4
TP HCM,Nam,192.843,9.3
TP HCM,Nữ,77.931,10
TP HCM,Nam,351.099,7
Đà Nẵng,Nữ,520.4115,10
Hà Nội,Nam,166.005,8.6
TP HCM,Nam,318.108,7.6
Hà Nội,Nam,166.635,5.8
TP HCM,Nữ,70.287,6.7
Đà Nẵng,Nữ,614.943,9.9
Hà Nội,Nam,827.085,6.4
Hà Nội,Nữ,19.2465,4.3
TP HCM,Nam,939.54,9.6
TP HCM,Nam,652.26,5.9
Đà Nẵng,Nữ,152.838,4
TP HCM,Nữ,478.233,8.7
Hà Nội,Nam,705.6315,9.4
TP HCM,Nữ,437.325,5.4
TP HCM,Nam,463.428,8.6
Hà Nội,Nữ,189.0945,5.7
TP HCM,Nữ,822.255,6.6
TP HCM,Nữ,106.995,6
TP HCM,Nữ,624.897,5.5
TP HCM,Nữ,304.542,6.4
TP HCM,Nam,161.7,6.6
TP HCM,Nữ,337.512,8.3
TP HCM,Nam,256.7775,6.6
TP HCM,Nữ,610.491,4
TP HCM,Nam,401.73,9.9
Hà Nội,Nam,362.943,7.3
Hà Nội,Nam,44.5935,5.7
Đà Nẵng,Nữ,485.037,6.1
TP HCM,Nữ,198.996,7.1
TP HCM,Nữ,471.03,8.2
Hà Nội,Nữ,161.553,5.1
Đà Nẵng,Nam,608.202,8.6
TP HCM,Nam,94.2375,6.6
Hà Nội,Nam,102.018,7.2
Đà Nẵng,Nam,922.635,5.1
TP HCM,Nữ,78.435,4.1
Hà Nội,Nam,166.1625,9.3
Đà Nẵng,Nam,521.01,7.4
TP HCM,Nam,51.1455,4.1
TP HCM,Nam,742.2975,7.2
TP HCM,Nữ,218.0115,4.9
TP HCM,Nam,367.038,9.9
TP HCM,Nam,223.0725,8
TP HCM,Nam,931.035,7.3
TP HCM,Nam,172.494,7.9
Hà Nội,Nam,391.419,7.4
TP HCM,Nữ,321.111,4.2
TP HCM,Nam,860.685,9.2
TP HCM,Nữ,34.629,4.6
TP HCM,Nữ,309.3615,7.8
Đà Nẵng,Nữ,535.374,8.4
Hà Nội,Nam,548.7615,4.3
TP HCM,Nữ,763.4655,9.5
TP HCM,Nữ,85.113,7.1
TP HCM,Nam,115.185,5.3
Đà Nẵng,Nam,53.928,5.2
TP HCM,Nữ,115.08,6
Đà Nẵng,Nam,112.224,4.1
Hà Nội,Nữ,836.304,5.2
TP HCM,Nam,419.832,6.5
Đà Nẵng,Nam,944.622,4.2
TP HCM,Nam,536.844,4.6
Đà Nẵng,Nữ,474.348,7.3
TP HCM,Nữ,688.6215,4.5
Hà Nội,Nữ,169.3125,9
TP HCM,Nữ,299.8485,5.9
TP HCM,Nữ,575.736,8.5
TP HCM,Nữ,853.146,7.2
TP HCM,Nữ,291.207,7.5
Hà Nội,Nữ,580.419,8.3
Đà Nẵng,Nữ,146.328,7.4
TP HCM,Nam,550.935,8.8
TP HCM,Nữ,512.19,5.3
TP HCM,Nam,284.193,6.2
TP HCM,Nữ,138.1275,8.8
Hà Nội,Nữ,216.846,9.8
TP HCM,Nam,545.055,8.2
Hà Nội,Nam,609,9.2
TP HCM,Nữ,942.9,5.4
TP HCM,Nam,950.25,8.1
TP HCM,Nữ,720.3,9.1
TP HCM,Nữ,31.9305,8.4
Hà Nội,Nữ,491.085,8
TP HCM,Nữ,291.438,9.5
Hà Nội,Nữ,316.47,9.2
TP HCM,Nam,277.788,5.6
TP HCM,Nam,603.624,6.2
Hà Nội,Nam,272.664,4.9
Đà Nẵng,Nữ,384.468,4.8
TP HCM,Nam,254.016,7.3
Hà Nội,Nam,786.618,7.4
TP HCM,Nữ,103.824,9.9
TP HCM,Nữ,680.148,9.3
TP HCM,Nam,484.5225,9
Đà Nẵng,Nam,75.7785,6.1
Đà Nẵng,Nam,263.97,9.7
TP HCM,Nam,918.729,6
TP HCM,Nam,588.357,10
TP HCM,Nữ,362.712,8.3
Hà Nội,Nam,66.8745,6
Hà Nội,Nam,336.5565,7
TP HCM,Nam,160.44,6.5
Đà Nẵng,Nam,418.95,5.9
Đà Nẵng,Nam,357.588,5.6
TP HCM,Nam,1003.59,4.8
TP HCM,Nam,1039.29,8.7
TP HCM,Nam,323.064,6.5
Hà Nội,Nam,510.972,8.5
Hà Nội,Nam,367.5525,5.5
TP HCM,Nam,420.2625,9.4
TP HCM,Nam,175.14,6.3
Đà Nẵng,Nam,333.207,9.8
TP HCM,Nam,166.236,8.7
Hà Nội,Nam,319.788,8.8
Hà Nội,Nam,186.228,9.6
TP HCM,Nữ,165.4485,4.8
TP HCM,Nam,465.444,4.4
TP HCM,Nam,273.42,9.9
TP HCM,Nam,472.311,5.7
TP HCM,Nam,323.148,7.7
TP HCM,Nam,162.75,8
TP HCM,Nam,288.204,5.7
TP HCM,Nữ,90.699,6.7
Đà Nẵng,Nam,56.952,8
Đà Nẵng,Nữ,793.716,7.5
Đà Nẵng,Nam,195.174,7
TP HCM,Nam,77.7735,9.9
TP HCM,Nữ,293.202,5.9
Đà Nẵng,Nữ,242.676,7.2
Đà Nẵng,Nữ,154.392,4.6
TP HCM,Nữ,829.71,9.2
TP HCM,Nam,107.31,5.7
TP HCM,Nam,171.7275,9.9
TP HCM,Nữ,78.0045,5
TP HCM,Nam,91.77,4.9
Hà Nội,Nữ,26.5545,6.1
TP HCM,Nam,174.3,8.2
TP HCM,Nữ,374.7975,5.5
TP HCM,Nữ,120.645,6.8
TP HCM,Nữ,241.458,6.6
TP HCM,Nam,451.3635,9.8
Đà Nẵng,Nam,271.95,8.7
Đà Nẵng,Nam,93.2925,5.4
TP HCM,Nữ,217.6335,7.9
TP HCM,Nữ,629.8425,9.7
TP HCM,Nữ,299.565,7.8
Đà Nẵng,Nữ,95.6655,5.1
Đà Nẵng,Nữ,942.4485,6.5
TP HCM,Nam,247.8735,5.9
TP HCM,Nữ,881.307,8.8
Đà Nẵng,Nam,484.89,4.9
Đà Nẵng,Nam,146.223,4.4
Đà Nẵng,Nữ,217.6335,6.5
TP HCM,Nam,19.194,8.3
TP HCM,Nữ,130.0425,8.5
TP HCM,Nữ,298.116,5.5
Đà Nẵng,Nam,796.908,8.7
Đà Nẵng,Nữ,180.621,7.9
Đà Nẵng,Nam,285.705,6.1
Đà Nẵng,Nam,456.288,5.4
TP HCM,Nam,62.0025,9.4
TP HCM,Nữ,13.167,8.2
TP HCM,Nam,90.825,6.2
TP HCM,Nữ,183.036,9.7
TP HCM,Nam,655.5465,4
TP HCM,Nam,155.652,9.7
TP HCM,Nữ,571.41,5.3
Hà Nội,Nữ,532.728,7.4
Đà Nẵng,Nữ,170.877,6.5
Đà Nẵng,Nữ,33.3585,8.7
Đà Nẵng,Nữ,794.6505,8
Đà Nẵng,Nam,310.044,6.7
Hà Nội,Nam,545.37,6.5
Hà Nội,Nữ,195.594,4.1
TP HCM,Nam,91.4025,4.9
TP HCM,Nữ,232.155,8.6
TP HCM,Nữ,69.405,4.3
Hà Nội,Nam,94.1745,4.9
Hà Nội,Nam,235.683,5.6
Hà Nội,Nam,125.517,5.8
TP HCM,Nam,195.72,6
Hà Nội,Nam,263.13,4.2
Đà Nẵng,Nam,788.508,8.3
Hà Nội,Nam,399.756,5.7
Đà Nẵng,Nữ,256.41,4.8
Hà Nội,Nam,94.185,6.8
Hà Nội,Nam,326.424,8.8
Đà Nẵng,Nam,536.991,4.2
Đà Nẵng,Nam,439.8975,6.4
TP HCM,Nam,369.495,8.4
TP HCM,Nữ,30.219,7.2
Hà Nội,Nam,99.75,5.2
Hà Nội,Nam,494.76,8.9
Đà Nẵng,Nam,137.004,9
Hà Nội,Nam,69.6675,9.7
Hà Nội,Nam,163.233,8.7
Hà Nội,Nam,135.45,6.5
TP HCM,Nam,276.948,6.9
TP HCM,Nữ,709.317,6.2
TP HCM,Nữ,69.09,5.6
Đà Nẵng,Nữ,160.86,5.7
TP HCM,Nữ,233.52,4.2
Đà Nẵng,Nam,57.1725,7.9
Hà Nội,Nữ,723.24,8.7
TP HCM,Nam,148.974,6.9
Đà Nẵng,Nữ,783.3,9.5
Hà Nội,Nam,297.108,4.4
Hà Nội,Nữ,373.17,7
Đà Nẵng,Nữ,354.0075,6.3
TP HCM,Nữ,44.352,9.7
Hà Nội,Nữ,203.553,8.8
Hà Nội,Nữ,25.263,5.1
Đà Nẵng,Nữ,628.173,7.9
TP HCM,Nam,352.5795,6.2
TP HCM,Nữ,229.11,7.1
TP HCM,Nữ,400.764,6.4
TP HCM,Nam,745.395,5.7
Hà Nội,Nam,462.21,9.6
Hà Nội,Nữ,587.664,6.4
TP HCM,Nam,38.85,7.9
Hà Nội,Nữ,16.107,6.5
Hà Nội,Nam,628.929,8.5
Hà Nội,Nữ,200.214,9.1
Đà Nẵng,Nam,350.07,7.6
TP HCM,Nam,78.603,6.9
TP HCM,Nữ,224.4375,9.5
Đà Nẵng,Nữ,356.5485,5.2
TP HCM,Nữ,697.368,4.2
Đà Nẵng,Nam,423.15,7
TP HCM,Nam,204.6975,6
Hà Nội,Nữ,65.604,4.7
Hà Nội,Nữ,76.356,7.1
Đà Nẵng,Nam,190.155,5.9
TP HCM,Nữ,272.58,7.5
TP HCM,Nam,121.128,6.4
Hà Nội,Nam,493.794,5.8
Hà Nội,Nam,252.042,4.5
TP HCM,Nữ,93.0405,7.7
TP HCM,Nam,209.622,6.7
TP HCM,Nam,40.9605,4.7
TP HCM,Nam,51.0405,4.4
Hà Nội,Nữ,214.998,4.7
TP HCM,Nữ,125.664,8.6
Hà Nội,Nam,530.67,4.3
Hà Nội,Nữ,295.6905,9.6
Hà Nội,Nữ,745.836,4.1
Hà Nội,Nữ,83.412,4.7
Hà Nội,Nữ,172.011,7.8
TP HCM,Nam,503.559,5.5
TP HCM,Nam,145.593,9.7
Hà Nội,Nữ,74.7075,4.4
Hà Nội,Nữ,146.9475,5
TP HCM,Nữ,820.365,4.4
TP HCM,Nam,208.677,5.2
TP HCM,Nữ,66.402,7.3
TP HCM,Nam,392.6475,4.9
TP HCM,Nữ,218.0745,8.1
TP HCM,Nam,185.094,8.4
TP HCM,Nữ,216.6885,5.5
TP HCM,Nữ,41.391,8.4
Hà Nội,Nam,96.138,9.8
Hà Nội,Nữ,324.2925,6.7
Hà Nội,Nam,135.576,9.4
TP HCM,Nam,410.508,6.4
TP HCM,Nam,523.845,5.4
TP HCM,Nam,395.892,8.6
TP HCM,Nam,214.746,4
TP HCM,Nam,152.712,7.6
TP HCM,Nam,208.089,6.8
Hà Nội,Nam,103.635,9.1
Hà Nội,Nam,404.355,5.5
Hà Nội,Nam,49.308,7.9
TP HCM,Nam,77.175,8.5
Hà Nội,Nữ,149.3625,9.1
Hà Nội,Nam,721.98,7.5
TP HCM,Nữ,365.085,5.2
TP HCM,Nữ,150.0975,9.5
Đà Nẵng,Nữ,404.649,8.9
Đà Nẵng,Nam,151.4835,7.8
Đà Nẵng,Nữ,411.3795,8.9
Đà Nẵng,Nữ,565.215,7.7
TP HCM,Nữ,509.4075,9.3
Hà Nội,Nam,140.6475,6.2
Hà Nội,Nữ,736.4385,7.6
Hà Nội,Nam,75.5475,7.3
TP HCM,Nữ,749.7,4.7
TP HCM,Nam,191.247,5.1
Đà Nẵng,Nữ,141.75,4.8
TP HCM,Nữ,1042.65,6.6
TP HCM,Nam,379.9215,5.5
Đà Nẵng,Nữ,402.2655,8.5
Đà Nẵng,Nam,255.15,4.8
TP HCM,Nữ,31.752,8.4
Đà Nẵng,Nữ,374.388,7.8
TP HCM,Nữ,394.275,9.3
TP HCM,Nữ,1002.12,5.2
Đà Nẵng,Nam,86.625,6.5
Đà Nẵng,Nam,78.7185,5.6
TP HCM,Nam,680.064,7.4
TP HCM,Nữ,793.548,9.1
TP HCM,Nam,209.559,8
TP HCM,Nam,461.286,7.2
TP HCM,Nữ,173.208,7.1
TP HCM,Nữ,343.056,9.1
TP HCM,Nữ,484.974,5.6
TP HCM,Nam,276.948,6
TP HCM,Nữ,150.78,5.4
TP HCM,Nam,203.175,7.8
TP HCM,Nữ,193.011,9.9
TP HCM,Nữ,128.016,4.9
TP HCM,Nữ,441.693,5.2
TP HCM,Nam,265.104,8.9
Hà Nội,Nữ,352.2225,9.1
Hà Nội,Nữ,507.675,7
Đà Nẵng,Nữ,334.341,9.6
TP HCM,Nam,701.8515,8.7
TP HCM,Nam,407.316,9.4
TP HCM,Nữ,99.33,4
TP HCM,Nam,345.786,7.5
TP HCM,Nữ,55.881,4.2
TP HCM,Nữ,523.3725,9.9
TP HCM,Nữ,314.538,4.2
TP HCM,Nữ,214.935,9.9
TP HCM,Nam,79.611,5.8
TP HCM,Nam,294.651,6
TP HCM,Nữ,339.36,10
TP HCM,Nữ,510.9615,9.5
TP HCM,Nam,133.917,6.6
TP HCM,Nữ,253.512,8.1
Đà Nẵng,Nữ,398.475,9.7
Hà Nội,Nam,80.661,7.2
Hà Nội,Nữ,548.73,6.2
Hà Nội,Nữ,83.727,7.3
Hà Nội,Nữ,406.875,4.3
Hà Nội,Nữ,284.9175,4.6
Đà Nẵng,Nam,128.4255,5.8
Đà Nẵng,Nữ,258.678,8.3
Đà Nẵng,Nam,181.818,8
TP HCM,Nữ,248.409,9.4
TP HCM,Nam,194.124,6.2
TP HCM,Nam,14.679,9.8
TP HCM,Nữ,208.6875,9.6
TP HCM,Nữ,718.7565,4.9
Hà Nội,Nam,282.492,8
Hà Nội,Nam,72.3975,7.8
TP HCM,Nữ,288.582,4.1
TP HCM,Nữ,237.426,5.5
TP HCM,Nữ,125.055,5.4
TP HCM,Nữ,359.205,5.1
TP HCM,Nam,45.927,6.9
Hà Nội,Nam,110.0925,7.8
Hà Nội,Nam,81.396,6.6
Hà Nội,Nam,427.812,9.2
Đà Nẵng,Nam,100.9155,7.8
TP HCM,Nữ,190.596,8.7
TP HCM,Nữ,85.5855,9.2
Đà Nẵng,Nữ,120.162,8.3
TP HCM,Nữ,185.367,8.2
TP HCM,Nữ,121.59,7.5
TP HCM,Nữ,264.7575,9.8
TP HCM,Nữ,1020.705,8.7
Đà Nẵng,Nam,213.528,6.7
TP HCM,Nam,17.094,5
Đà Nẵng,Nam,383.7645,7
TP HCM,Nam,390.7995,8.9
Đà Nẵng,Nữ,65.7405,8
Đà Nẵng,Nam,353.1675,6.9
Hà Nội,Nữ,951.825,7.3
Đà Nẵng,Nam,145.068,6.9
TP HCM,Nam,90.867,5.7
TP HCM,Nữ,147.798,6.4
Đà Nẵng,Nam,702.219,9.6
Đà Nẵng,Nữ,49.812,6.8
TP HCM,Nam,937.818,9
TP HCM,Nam,348.306,9.6
Hà Nội,Nam,214.137,7.7
TP HCM,Nam,71.568,7
TP HCM,Nữ,343.224,6.5
TP HCM,Nam,91.56,8.1
Đà Nẵng,Nữ,742.812,4.3
TP HCM,Nữ,843.0345,6.5
TP HCM,Nam,13.419,9.5
Hà Nội,Nữ,140.385,9.7
Đà Nẵng,Nữ,20.1075,9.5
TP HCM,Nam,290.43,8.9
TP HCM,Nam,144.081,6.5
Đà Nẵng,Nữ,28.4235,5.3
Đà Nẵng,Nữ,41.076,9.6
TP HCM,Nữ,470.673,6.7
TP HCM,Nam,138.663,7.6
Hà Nội,Nữ,333.9525,4.8
Hà Nội,Nam,26.25,5.5
Hà Nội,Nam,87.234,4.7
Đà Nẵng,Nữ,155.19,6.9
Đà Nẵng,Nữ,731.43,4.5
Đà Nẵng,Nam,833.595,6.2
TP HCM,Nữ,488.985,7.6
TP HCM,Nam,37.6845,7.9
TP HCM,Nam,212.73,4.5
TP HCM,Nữ,767.025,8.7
TP HCM,Nữ,310.59,6.1
TP HCM,Nữ,23.751,6.4
Hà Nội,Nam,269.535,9.1
TP HCM,Nữ,572.775,7.1
TP HCM,Nữ,273.0525,7.7
TP HCM,Nam,233.226,4.5
TP HCM,Nam,22.659,7.2
TP HCM,Nữ,103.782,8.4
TP HCM,Nữ,527.751,5.4
Hà Nội,Nữ,168.21,9.7
Hà Nội,Nam,452.865,5.5
TP HCM,Nam,609.588,4.6
Hà Nội,Nữ,338.31,6.6
Hà Nội,Nam,205.317,6.3
Hà Nội,Nữ,174.615,4.2
TP HCM,Nam,353.094,4.4
TP HCM,Nam,360.885,6.7
TP HCM,Nam,40.53,6.7
TP HCM,Nam,554.148,8.4
TP HCM,Nữ,344.4,6.2
TP HCM,Nam,194.985,5
TP HCM,Nam,633.99,6
TP HCM,Nữ,388.29,7
Đà Nẵng,Nữ,207.858,6.6
Đà Nẵng,Nữ,431.445,7.3
TP HCM,Nam,156.03,8.3
TP HCM,Nam,24.108,4.3
Đà Nẵng,Nữ,734.076,9.8
Đà Nẵng,Nữ,72.87,8.2
TP HCM,Nữ,206.43,7.2
Đà Nẵng,Nữ,212.688,8.7
TP HCM,Nữ,127.26,8.4
TP HCM,Nam,209.769,7.1
TP HCM,Nam,637.728,5.5
TP HCM,Nữ,132.762,8.5
TP HCM,Nữ,568.512,6.2
TP HCM,Nữ,103.0365,8.9
TP HCM,Nữ,432.768,9.6
TP HCM,Nam,77.6685,5.4
TP HCM,Nữ,33.495,9.1
TP HCM,Nam,145.74,9
Đà Nẵng,Nữ,195.951,6.3
Đà Nẵng,Nam,92.8725,9.5
TP HCM,Nam,203.112,9.8
Đà Nẵng,Nữ,152.775,6.7
Đà Nẵng,Nữ,529.515,7.7
Đà Nẵng,Nam,321.7725,7
TP HCM,Nữ,100.485,5.1
TP HCM,Nữ,666.939,6.2
Hà Nội,Nữ,225.2775,6.1
Hà Nội,Nữ,398.958,9.3
Hà Nội,Nam,731.6925,7.6
TP HCM,Nam,429.1665,8.2
TP HCM,Nữ,54.0435,8.5
TP HCM,Nam,288.015,9.8
TP HCM,Nam,206.7975,8.7
TP HCM,Nam,72.933,9.7
TP HCM,Nam,377.58,4.3
TP HCM,Nữ,143.9865,7.7
TP HCM,Nữ,523.971,7.3
Hà Nội,Nữ,235.872,5.9
TP HCM,Nam,132.027,5
Hà Nội,Nam,514.773,8
Hà Nội,Nữ,479.9025,7.1
Đà Nẵng,Nam,164.682,9
Đà Nẵng,Nam,125.706,6.7
Đà Nẵng,Nữ,570.78,6.1
Hà Nội,Nam,926.9505,9.3
Hà Nội,Nam,160.209,7
Hà Nội,Nam,728.112,7.2
TP HCM,Nam,240.975,8.2
TP HCM,Nữ,154.1295,8.4
TP HCM,Nữ,148.68,6.2
TP HCM,Nam,122.5245,7.4
TP HCM,Nữ,77.658,5
Hà Nội,Nam,102.837,6.9
Hà Nội,Nữ,306.81,4.9
TP HCM,Nữ,551.124,5.1
Hà Nội,Nam,96.642,9.1
TP HCM,Nam,79.674,7.1
Đà Nẵng,Nữ,84.756,5
TP HCM,Nam,118.251,5.5
Đà Nẵng,Nữ,74.76,9.2
Đà Nẵng,Nam,163.002,4.9
Hà Nội,Nữ,308.91,8.9
Hà Nội,Nam,575.9775,6
Đà Nẵng,Nữ,270.585,4.2
Hà Nội,Nữ,416.178,7.3
Đà Nẵng,Nam,180.4005,6.5
Đà Nẵng,Nữ,513.2295,8.9
Đà Nẵng,Nữ,550.368,9.7
TP HCM,Nam,139.923,8.6
Hà Nội,Nam,142.002,6.9
Đà Nẵng,Nam,118.062,7.7
Đà Nẵng,Nữ,151.284,9.5
TP HCM,Nữ,1034.46,4.5
Hà Nội,Nam,262.458,5.6
Hà Nội,Nữ,228.123,8.2
Đà Nẵng,Nam,203.931,7.3
TP HCM,Nam,936.6,4.4
TP HCM,Nữ,356.328,5.7
Hà Nội,Nam,469.413,5
Đà Nẵng,Nam,208.425,9
Hà Nội,Nữ,852.705,6.3
TP HCM,Nữ,517.965,9.4
Hà Nội,Nữ,621.243,7.7
Đà Nẵng,Nữ,586.971,5.5
TP HCM,Nữ,543.753,4.1
Đà Nẵng,Nữ,430.71,7.6
Đà Nẵng,Nam,280.035,8.6
Hà Nội,Nam,74.4555,8.3
Đà Nẵng,Nam,152.019,8.1
Hà Nội,Nam,451.0275,8.6
Đà Nẵng,Nam,597.6285,6.3
Đà Nẵng,Nam,253.26,5.8
TP HCM,Nam,133.434,6.2
TP HCM,Nữ,269.934,7.7
TP HCM,Nam,145.971,8.1
TP HCM,Nam,85.743,7.3
TP HCM,Nữ,326.256,8.4
TP HCM,Nữ,195.258,8
Đà Nẵng,Nữ,75.936,9.5
Đà Nẵng,Nam,198.639,7
Hà Nội,Nam,217.182,9.8
Hà Nội,Nữ,164.871,9.2
Hà Nội,Nữ,226.065,7.7
TP HCM,Nam,625.905,5.3
Hà Nội,Nam,76.755,4.4
TP HCM,Nam,293.139,4.3
TP HCM,Nữ,178.164,9.4
Hà Nội,Nữ,47.859,9.8
Hà Nội,Nữ,236.88,4.8
Đà Nẵng,Nam,304.92,5.3
Đà Nẵng,Nam,46.683,8.7
Hà Nội,Nam,164.43,9.5
TP HCM,Nữ,440.937,5.3
TP HCM,Nữ,193.4625,9.2
Hà Nội,Nữ,147.672,9.6
TP HCM,Nam,87.234,6.4
TP HCM,Nữ,68.2395,4.5
TP HCM,Nam,814.38,6.9
TP HCM,Nữ,343.413,7.8
TP HCM,Nữ,381.3915,4.5
TP HCM,Nam,133.35,8.6
TP HCM,Nữ,394.3275,5.2
TP HCM,Nữ,209.118,6.4
TP HCM,Nam,32.1405,5.2
TP HCM,Nam,121.569,8.9
TP HCM,Nữ,30.408,6.2
TP HCM,Nữ,935.2665,6.7
TP HCM,Nam,293.643,7.2
TP HCM,Nam,84.9765,9
Hà Nội,Nam,708.225,4.2
Hà Nội,Nữ,365.904,4.2
Đà Nẵng,Nam,457.38,6.9
TP HCM,Nam,461.5275,4.4
Hà Nội,Nam,620.739,4
TP HCM,Nữ,273.798,8.5
Hà Nội,Nữ,225.792,9.2
Hà Nội,Nữ,96.1905,9.8
Đà Nẵng,Nữ,695.2365,4.9
Đà Nẵng,Nữ,874.125,4.4
Đà Nẵng,Nam,95.9175,6.8
Đà Nẵng,Nữ,165.648,9.1
Hà Nội,Nam,127.827,8.7
Đà Nẵng,Nam,867.09,5
Hà Nội,Nam,167.895,7.5
Hà Nội,Nữ,12.6945,8.2
Hà Nội,Nam,673.995,6.7
Hà Nội,Nam,246.6765,5.4
Hà Nội,Nam,175.917,7
Đà Nẵng,Nam,314.055,4.7
Đà Nẵng,Nam,251.7165,5
Đà Nẵng,Nam,697.935,5
Hà Nội,Nam,212.7825,6
TP HCM,Nữ,48.51,6.3
Đà Nẵng,Nữ,92.5575,8.5
TP HCM,Nam,165.123,7.5
Đà Nẵng,Nữ,311.1885,6.4
TP HCM,Nữ,743.82,4.7
Đà Nẵng,Nam,116.907,6
TP HCM,Nữ,609.168,4
TP HCM,Nam,63.2625,5.5
Hà Nội,Nam,182.952,8.7
TP HCM,Nam,442.323,7.4
Đà Nẵng,Nam,35.3115,5.6
TP HCM,Nữ,32.529,6.3
TP HCM,Nam,259.77,7.1
Đà Nẵng,Nam,397.215,7.8
Đà Nẵng,Nữ,351.603,9.9
Hà Nội,Nam,764.19,7.3
Đà Nẵng,Nam,352.674,5.1
Đà Nẵng,Nam,252.756,9.4
Hà Nội,Nữ,49.4235,5.8
TP HCM,Nữ,104.6745,8
Hà Nội,Nữ,277.6725,7.9
Hà Nội,Nữ,146.6325,5.9
Hà Nội,Nam,58.2225,4.9
Đà Nẵng,Nữ,135.3555,9.3
TP HCM,Nam,125.979,7.9
Đà Nẵng,Nữ,370.125,5.9
TP HCM,Nữ,914.55,9.9
TP HCM,Nữ,207.48,7.7
Hà Nội,Nữ,204.246,7.6
Đà Nẵng,Nam,181.881,7.7
Đà Nẵng,Nữ,75.474,6.4
TP HCM,Nữ,300.573,4.4
Đà Nẵng,Nữ,85.302,4.1
Hà Nội,Nam,588.42,4.4
Đà Nẵng,Nam,196.14,5.5
Đà Nẵng,Nữ,231.2415,4
TP HCM,Nam,282.576,9.3
Hà Nội,Nữ,477.54,4.8
Đà Nẵng,Nam,175.917,4.6
Đà Nẵng,Nữ,470.988,7.3
Hà Nội,Nữ,308.574,6
TP HCM,Nam,618.975,8.1
Hà Nội,Nam,305.55,9.4
Đà Nẵng,Nữ,41.454,6.5
TP HCM,Nữ,36.5505,7
TP HCM,Nữ,310.716,7.1
Hà Nội,Nam,45.108,6.6
Đà Nẵng,Nữ,145.404,4.9
Đà Nẵng,Nữ,103.11,6.4
Đà Nẵng,Nữ,136.143,8
Hà Nội,Nam,667.38,4.3
TP HCM,Nam,153.048,6.1
Hà Nội,Nữ,211.365,7.5
TP HCM,Nữ,663.2955,6.7
TP HCM,Nam,404.544,5.2
Hà Nội,Nam,510.615,8.8
TP HCM,Nữ,539.343,9.5
TP HCM,Nữ,497.07,7.6
Hà Nội,Nữ,458.6925,6.6
Hà Nội,Nữ,113.568,6.9
Đà Nẵng,Nam,261.198,4.3
Hà Nội,Nam,657.531,7.8
TP HCM,Nam,1023.75,8
TP HCM,Nữ,507.444,9.6
Đà Nẵng,Nam,101.808,4.3
Đà Nẵng,Nữ,207.585,5
Đà Nẵng,Nam,760.4415,9.2
Đà Nẵng,Nữ,835.2855,6.3
Đà Nẵng,Nam,527.5095,8.9
Đà Nẵng,Nữ,180.6,7.6
TP HCM,Nam,72.429,4.8
TP HCM,Nam,131.208,9.1
Hà Nội,Nam,80.955,6.1
Hà Nội,Nam,507.906,9.1
TP HCM,Nữ,317.226,8.3
TP HCM,Nữ,733.6035,7.2
TP HCM,Nữ,130.8825,6
TP HCM,Nam,829.08,8.5
Hà Nội,Nữ,187.32,6.6
Hà Nội,Nữ,525.231,4.5
Hà Nội,Nam,37.611,8.1
Hà Nội,Nam,142.947,7.2
Đà Nẵng,Nữ,110.124,6.1
Đà Nẵng,Nữ,187.866,7.1
TP HCM,Nữ,856.4535,5.1
Đà Nẵng,Nam,138.978,7.9
TP HCM,Nữ,270.2595,7.4
Đà Nẵng,Nam,98.028,7.4
TP HCM,Nữ,239.4,6.6
TP HCM,Nam,175.0455,5.9
Đà Nẵng,Nam,732.27,8.9
TP HCM,Nam,408.492,6.8
TP HCM,Nữ,383.523,9.3
Hà Nội,Nữ,93.744,4.4
Hà Nội,Nam,176.4,4.8
Hà Nội,Nam,20.685,9.5
Đà Nẵng,Nam,557.718,8.9
Đà Nẵng,Nam,56.406,6.4
TP HCM,Nam,860.475,6
TP HCM,Nữ,596.82,8.1
TP HCM,Nam,616.98,9
TP HCM,Nam,769.104,6
TP HCM,Nam,887.922,9.8
TP HCM,Nam,408.7335,8.5
TP HCM,Nam,89.0715,8.8
Hà Nội,Nữ,150.423,8.8
Hà Nội,Nam,79.149,9.5
TP HCM,Nữ,266.028,5.6
TP HCM,Nữ,40.341,8.6
Đà Nẵng,Nam,684.915,5.2
TP HCM,Nữ,55.2825,5.8
Đà Nẵng,Nữ,116.1405,8
TP HCM,Nam,597.0405,9
Đà Nẵng,Nữ,93.744,4.1
Hà Nội,Nữ,143.22,8.6
Hà Nội,Nữ,182.91,7
Đà Nẵng,Nam,384.72,8.4
TP HCM,Nữ,267.3405,7.4
Hà Nội,Nữ,817.236,6.2
TP HCM,Nữ,300.216,4.9
Hà Nội,Nữ,608.076,4.5
Hà Nội,Nam,197.925,5.6
Hà Nội,Nữ,232.638,8
Đà Nẵng,Nữ,810.6,5.6
Đà Nẵng,Nam,757.365,4.2
Hà Nội,Nữ,536.592,9.9
Hà Nội,Nữ,56.1225,7.6
Hà Nội,Nam,233.1,6.6
Đà Nẵng,Nữ,801.864,4.7
TP HCM,Nữ,239.589,9.8
Đà Nẵng,Nam,86.247,6.3
TP HCM,Nữ,401.688,7.9
TP HCM,Nữ,72.009,7.7
TP HCM,Nữ,401.268,4.5
TP HCM,Nữ,631.1445,8
TP HCM,Nữ,499.7265,5.7
TP HCM,Nữ,55.041,6.3
TP HCM,Nam,137.865,6
Đà Nẵng,Nữ,151.515,8
TP HCM,Nam,480.0285,4.2
Đà Nẵng,Nam,98.049,9.6
TP HCM,Nam,132.5625,6.1
TP HCM,Nam,830.3715,5.6
TP HCM,Nam,183.12,8.3
Hà Nội,Nữ,397.992,7.8
Hà Nội,Nữ,32.151,4.1
TP HCM,Nữ,369.684,8.8
TP HCM,Nữ,53.34,4.1
Hà Nội,Nam,548.163,9
TP HCM,Nam,603.876,5.5
TP HCM,Nữ,57.6975,9.3
TP HCM,Nam,190.4805,5.6
Hà Nội,Nam,432.9885,9.7
Hà Nội,Nam,48.7305,4
TP HCM,Nam,287.91,9.2
TP HCM,Nữ,1022.385,4.9
Hà Nội,Nam,680.61,9.3
Hà Nội,Nữ,97.881,6.6
TP HCM,Nam,57.078,4.3
TP HCM,Nữ,63.9135,5.5
TP HCM,Nữ,257.145,8.1
TP HCM,Nam,97.419,9.8
TP HCM,Nam,455.1225,9.4
Đà Nẵng,Nam,144.963,7.9
TP HCM,Nữ,253.68,5.1
TP HCM,Nam,495.3165,6.9
TP HCM,Nữ,462.672,8
TP HCM,Nữ,714.3255,8
Hà Nội,Nữ,325.374,4.2
Hà Nội,Nữ,195.678,8.5
Hà Nội,Nữ,210.966,9
TP HCM,Nữ,18.6375,8.6
TP HCM,Nữ,652.89,6
TP HCM,Nam,90.3,6.2
TP HCM,Nữ,422.73,5
TP HCM,Nữ,341.0925,6.5
Hà Nội,Nam,99.9075,6
Hà Nội,Nữ,408.408,5
TP HCM,Nữ,446.964,5
TP HCM,Nữ,333.984,9.2
TP HCM,Nam,284.592,9.6
Đà Nẵng,Nam,403.872,8.4
Đà Nẵng,Nam,247.59,6
Đà Nẵng,Nam,222.138,6.7
Hà Nội,Nữ,100.128,4.1
TP HCM,Nam,10.6785,5.9
Hà Nội,Nữ,216.4365,8.7
Đà Nẵng,Nữ,441.588,4.5
Hà Nội,Nữ,92.442,6.6
Đà Nẵng,Nữ,681.4395,7.7
Hà Nội,Nam,130.032,8.5
TP HCM,Nam,681.975,5.2
Hà Nội,Nữ,779.31,4.3
Hà Nội,Nam,88.704,7.6
Đà Nẵng,Nam,262.794,9.5
Đà Nẵng,Nữ,99.54,4.1
Hà Nội,Nam,95.865,9.2
Đà Nẵng,Nữ,299.3655,5.4
Hà Nội,Nam,54.999,5.8
Hà Nội,Nam,202.335,5.6
TP HCM,Nam,281.169,5.1
TP HCM,Nam,586.635,5.8
TP HCM,Nữ,184.086,5
TP HCM,Nam,163.611,7.9
TP HCM,Nam,63.315,6
TP HCM,Nữ,82.887,5
TP HCM,Nữ,31.227,8.9
Hà Nội,Nam,22.386,5.9
Hà Nội,Nam,295.407,5.9
Hà Nội,Nam,76.923,9.7
TP HCM,Nữ,23.499,8.6
TP HCM,Nữ,688.716,4
Hà Nội,Nữ,624.33,4.2
Hà Nội,Nam,77.805,9.2
Hà Nội,Nữ,206.808,9.2
TP HCM,Nam,390.9465,5
TP HCM,Nữ,554.295,10
TP HCM,Nữ,503.7375,8.8
Đà Nẵng,Nữ,345.0195,4.2
TP HCM,Nam,177.408,6.3
Hà Nội,Nữ,118.902,8.2
Đà Nẵng,Nam,362.817,5.1
TP HCM,Nữ,450.1035,5
TP HCM,Nữ,90.5835,7
TP HCM,Nam,26.796,7.8
Đà Nẵng,Nữ,106.596,4.3
Đà Nẵng,Nữ,375.3645,7
Hà Nội,Nữ,250.7085,6.6
TP HCM,Nam,106.5015,7.3
Đà Nẵng,Nam,760.452,6.5
TP HCM,Nữ,131.922,4.9
TP HCM,Nam,76.5765,4.3
Hà Nội,Nam,271.278,9.3
Hà Nội,Nam,182.427,7.1
TP HCM,Nam,59.325,9.6
Đà Nẵng,Nữ,225.015,6.2
Hà Nội,Nam,561.078,9.9
Hà Nội,Nam,97.818,5.9
TP HCM,Nam,548.184,6.3
TP HCM,Nam,54.9675,4
TP HCM,Nam,41.7375,6.1
Hà Nội,Nữ,756.168,4.5
Đà Nẵng,Nữ,101.64,8.6
Đà Nẵng,Nữ,348.705,6
TP HCM,Nữ,85.512,9.5
Đà Nẵng,Nam,335.895,9.9
Hà Nội,Nữ,216.846,7.5
Hà Nội,Nữ,175.014,7.6
Hà Nội,Nam,335.013,5
Hà Nội,Nam,92.295,6.7
Hà Nội,Nữ,771.435,9.5
TP HCM,Nữ,102.396,6.8
Hà Nội,Nam,807.66,5.6
TP HCM,Nữ,439.215,7.2
TP HCM,Nữ,486.444,8.1
TP HCM,Nữ,485.5725,8.6
Đà Nẵng,Nam,148.995,9.4
Đà Nẵng,Nam,317.835,8.9
Đà Nẵng,Nam,832.944,4.2
TP HCM,Nam,446.439,5
TP HCM,Nữ,297.801,8.8
TP HCM,Nam,629.16,5.3
Hà Nội,Nam,331.128,4.6
TP HCM,Nữ,423.738,7.5
TP HCM,Nam,193.074,5.1
Hà Nội,Nữ,145.5825,4.2
Hà Nội,Nam,84.7455,8.1
TP HCM,Nữ,122.472,6
TP HCM,Nữ,329.196,7.9
TP HCM,Nam,888.405,8.8
TP HCM,Nữ,435.12,6.6
Hà Nội,Nữ,167.034,6.2
Đà Nẵng,Nữ,514.605,4.2
Đà Nẵng,Nữ,91.8225,7.3
TP HCM,Nữ,235.746,8.6
Hà Nội,Nữ,782.208,6.8
Hà Nội,Nam,431.256,7.6
Hà Nội,Nữ,313.74,5.8
TP HCM,Nữ,223.587,4.1
TP HCM,Nam,44.9925,9.3
Hà Nội,Nữ,397.614,6.8
Đà Nẵng,Nam,217.2555,8.7
Đà Nẵng,Nữ,82.719,6.3
TP HCM,Nữ,338.2155,5.1
TP HCM,Nữ,103.131,7
TP HCM,Nữ,26.733,5.2
TP HCM,Nữ,611.079,6.6
TP HCM,Nữ,221.886,6.5
Đà Nẵng,Nữ,57.876,9
Đà Nẵng,Nam,92.7255,5.2
Hà Nội,Nữ,374.409,6.8
Đà Nẵng,Nữ,833.9625,7.6
Đà Nẵng,Nam,53.151,7.2
Đà Nẵng,Nam,629.496,7.1
TP HCM,Nữ,175.035,9.5
Hà Nội,Nữ,781.62,5.1
TP HCM,Nam,470.988,7.6
TP HCM,Nữ,397.845,9.8
TP HCM,Nam,270.018,5.1
TP HCM,Nữ,579.8415,7.5
Hà Nội,Nữ,469.77,7.4
Hà Nội,Nữ,290.0835,4.2
TP HCM,Nữ,360.927,5.9
Hà Nội,Nam,279.384,6.9
TP HCM,Nam,943.299,6.6
Hà Nội,Nữ,479.64,5.7
Hà Nội,Nam,266.6475,5.3
Hà Nội,Nam,74.088,4.2
Hà Nội,Nữ,690.018,7.3
TP HCM,Nam,176.925,5.3
Đà Nẵng,Nam,56.469,4.7
TP HCM,Nam,188.0025,7.9
Đà Nẵng,Nữ,222.012,8.9
Đà Nẵng,Nam,125.7165,9.3
Đà Nẵng,Nữ,68.985,4.7
Đà Nẵng,Nữ,263.97,8.7
TP HCM,Nữ,88.368,7.6
TP HCM,Nam,415.233,5.7
Hà Nội,Nữ,312.8895,6.8
TP HCM,Nam,477.1305,5.4
TP HCM,Nam,289.926,7.1
TP HCM,Nữ,165.9,7.8
Hà Nội,Nữ,932.337,8.4
TP HCM,Nam,96.579,9.8
Hà Nội,Nam,43.869,9.8
Hà Nội,Nữ,16.275,7.4
TP HCM,Nam,304.983,6.7
Đà Nẵng,Nam,69.993,6.4
TP HCM,Nữ,80.367,5.8
Hà Nội,Nữ,314.685,7.2
Hà Nội,Nam,255.1815,9.3
Hà Nội,Nữ,49.77,9.5
TP HCM,Nữ,181.0725,9
Đà Nẵng,Nữ,888.615,9
Đà Nẵng,Nam,271.2885,6.7
Đà Nẵng,Nam,640.038,5.5
Hà Nội,Nam,252.252,5.4
TP HCM,Nam,180.873,8.2
Đà Nẵng,Nam,104.832,7
Hà Nội,Nữ,313.572,8.5
TP HCM,Nam,167.58,4.9
Đà Nẵng,Nữ,26.7225,5.1
Đà Nẵng,Nữ,71.1585,6.5
TP HCM,Nam,250.278,9.8
Hà Nội,Nam,244.23,8.4
Hà Nội,Nữ,921.186,7.4
TP HCM,Nam,734.706,6.1
TP HCM,Nam,708.3195,6
TP HCM,Nữ,334.4775,8.5
Đà Nẵng,Nữ,30.996,4.3
Đà Nẵng,Nam,520.8,6.2
TP HCM,Nam,864.57,4.3
Đà Nẵng,Nam,633.108,8.4
Hà Nội,Nữ,296.94,4.5
Đà Nẵng,Nữ,804.3,6
Hà Nội,Nam,121.863,8.8
TP HCM,Nam,183.645,6.6
TP HCM,Nữ,63.9975,5.9
TP HCM,Nam,42.3675,6.2
Đà Nẵng,Nữ,1022.49,4.4
TP HCM,Nam,33.432,7.7
Hà Nội,Nam,69.111,4.1
Hà Nội,Nữ,649.299,6.6
